question,reference,retrieved_contexts,answer_gpt_4_1_mini,answer_gemini_2_5_flash
리비안은 미국에서 어떤 종류의 회사인가요?,"리비안 Automotive, Inc.는 2009년에 설립된 미국의 전기 자동차 제조업체이자 자동차 기술 및 야외 레크리에이션 회사입니다.","['[출처] 이 문서는 리비안(Rivian)에 대한 문서입니다.\n----------------------------------\n- **회사 유형:** 상장\n- **거래소:** NASDAQ: RIVN\n- **설립:** 2009년 6월, 플로리다 주 록ledge\n- **설립자:** R. J. 스캐린지\n- **본사:** 미국 캘리포니아 주 어바인\n- **서비스 지역:** 북미\n- **주요 인물:** R. J. 스캐린지 (CEO)\n- **제품:** 전기 자동차, 배터리\n- **생산량 (2023):** 57,232대\n- **서비스:** 전기 자동차 충전, 자동차 보험\n- **수익 (2023):** 44억 3천만 미국 달러\n- **순이익 (2023):** -54억 미국 달러\n- **총 자산 (2023):** 168억 미국 달러', '[출처] 이 문서는 리비안(Rivian)에 대한 문서입니다.\n----------------------------------\nRivian Automotive, Inc.는 2009년에 설립된 미국의 전기 자동차 제조업체, 자동차 기술 및 야외 레크리에이션 회사입니다.\n\n**주요 정보:**', '[출처] 이 문서는 리비안(Rivian)에 대한 문서입니다.\n----------------------------------\n**시설**\n\n- **Irvine, California:** 차량 엔지니어링 및 설계에 중점을 둔 본사.\n- **Normal, Illinois:** 차량 부품을 생산하고 조립을 수행하는 제조 공장.\n- **Plymouth, Michigan:** 차량 엔지니어링, 프로토타입 제작, 공급망 및 회계에 중점을 둡니다.\n- **Palo Alto, California:** 소프트웨어 개발 및 엔지니어링에 중점을 둡니다.\n- Carson, California 및 Woking, England에 추가 사무실이 있습니다.\n- 애틀랜타 동쪽에 있는 새로운 50억 달러 규모의 배터리 및 조립 공장은 보류 중입니다.\n\n**재정**\n\nRivian의 재무 성과는 상당한 수익 성장과 상당한 순손실로 특징지어집니다.', '[출처] 이 문서는 리비안(Rivian)에 대한 문서입니다.\n----------------------------------\n**재정**\n\nRivian의 재무 성과는 상당한 수익 성장과 상당한 순손실로 특징지어집니다.\n\n| 연도 | 수익 (백만 USD) | 순이익 (백만 USD) | 총 자산 (백만 USD) |\n| ---- | --------------- | ----------------- | ------------------ |\n| 2020 | 0               | -1,018            | 4,602              |\n| 2021 | 55              | -4,688            | 22,294             |\n| 2022 | 1,658           | -6,752            | 17,876             |\n| 2023 | 4,434           | -5,432            | 16,778             |\n\n**최대 주주**\n\n2023년 12월 현재 최대 주주는 Amazon, T. Rowe Price International, The Vanguard Group, BlackRock 및 Fidelity Investments였습니다.\n\n**협력**\n\nRivian은 Alex Honnold, the Honnold Foundation, Casa Pueblo, Ewan McGregor, Charley Boorman, Yakima 및 MAXTRAX와 파트너십을 맺었습니다.\n\n**소송**']","리비안은 미국에 본사를 둔 상장 전기 자동차 제조업체입니다. NASDAQ에 RIVN이라는 티커로 상장되어 있으며, 전기 자동차와 배터리를 생산하고 북미 지역을 중심으로 서비스를 제공합니다.","리비안(Rivian Automotive, Inc.)은 2009년에 설립된 미국의 전기 자동차 제조업체이자 자동차 기술 및 야외 레크리에이션 회사입니다."
"Could you provide a detailed overview of RIVN, including its founding, leadership, product offerings, and financial performance in 2023?","RIVN, or Rivian, is a publicly listed company on NASDAQ under the ticker RIVN. It was founded in June 2009 in Rockledge, Florida, by R. J. Scaringe, who currently serves as the CEO. The company's headquarters are located in Irvine, California, and it primarily serves the North American market. Rivian's product portfolio includes electric vehicles and batteries, and it also offers services such as electric vehicle charging and auto insurance. In 2023, Rivian produced 57,232 vehicles. Financially, the company reported revenues of 4.43 billion US dollars but incurred a net loss of 5.4 billion US dollars. Its total assets in 2023 amounted to 16.8 billion US dollars.","['[출처] 이 문서는 리비안(Rivian)에 대한 문서입니다.\n----------------------------------\n- **회사 유형:** 상장\n- **거래소:** NASDAQ: RIVN\n- **설립:** 2009년 6월, 플로리다 주 록ledge\n- **설립자:** R. J. 스캐린지\n- **본사:** 미국 캘리포니아 주 어바인\n- **서비스 지역:** 북미\n- **주요 인물:** R. J. 스캐린지 (CEO)\n- **제품:** 전기 자동차, 배터리\n- **생산량 (2023):** 57,232대\n- **서비스:** 전기 자동차 충전, 자동차 보험\n- **수익 (2023):** 44억 3천만 미국 달러\n- **순이익 (2023):** -54억 미국 달러\n- **총 자산 (2023):** 168억 미국 달러', '[출처] 이 문서는 리비안(Rivian)에 대한 문서입니다.\n----------------------------------\n- **총 자산 (2023):** 168억 미국 달러\n- **총 자본 (2023):** 91억 4천만 미국 달러\n- **직원 수 (2023년 12월):** 16,790명\n- **웹사이트:** rivian.com', '[출처] 이 문서는 리비안(Rivian)에 대한 문서입니다.\n----------------------------------\n- 2022년 10월, 느슨한 토크 볼트로 인해 13,000대의 차량을 자발적으로 리콜.\n- 2023년 6월, Tesla의 북미 충전 시스템(NACS) 채택을 발표.\n- 2023년 6월, ""A Better Route Planner""(ABRP) EV 경로 계획 앱을 개발한 Iternio 인수.\n- 2023년 10월, Amazon과의 독점 계약을 종료하여 Rivian이 다른 상업 고객에게 공급할 수 있도록 허용.\n- 2024년 2월, 급여 직원 10% 감축 발표.\n- 2024년 3월, 더 작은 가격대의 R2 SUV 및 R3 공개.', '[출처] 이 문서는 리비안(Rivian)에 대한 문서입니다.\n----------------------------------\n- R1T 배송은 2021년 9월에 시작되어 Rivian은 완전 전기 픽업을 소비자 시장에 출시한 최초의 자동차 제조업체가 됨.\n- 2021년 11월, Rivian은 IPO를 통해 135억 달러를 조달하여 상장 회사가 됨.\n- Ford와 Rivian은 전기 자동차 공동 개발 계획을 취소.\n- 2022년 3월, Rivian은 부품 비용으로 인해 R1T 및 R1S의 가격 인상을 발표했으며, 이후 소급 적용에 대해 사과.\n- 2022년 7월, Rivian은 6%의 인력 감축을 발표.\n- 2022년 9월, 유럽에서 전기 밴을 생산하기 위해 Mercedes-Benz Group과 합작 투자를 발표했지만 나중에 취소됨.']","리비안(Rivian)에 대한 상세 개요는 다음과 같습니다.

1. **설립 및 본사**
- 설립 시기: 2009년 6월
- 설립 장소: 미국 플로리다 주 록ledge
- 본사 위치: 미국 캘리포니아 주 어바인

2. **리더십**
- 설립자 겸 CEO: R. J. 스캐린지

3. **제품 및 서비스**
- 주요 제품: 전기 자동차(특히 전기 픽업트럭 및 SUV), 배터리
- 서비스: 전기 자동차 충전, 자동차 보험
- 주요 차량 모델: R1T(2021년 9월 배송 시작, 완전 전기 픽업트럭), R1S, 2024년 3월 공개된 더 작은 가격대의 R2 SUV 및 R3

4. **주요 이력 및 사업 현황**
- 2021년 11월 IPO를 통해 135억 달러 조달, NASDAQ에 상장 (티커: RIVN)
- 2022년 10월, 느슨한 토크 볼트 문제로 13,000대 차량 자발적 리콜
- 2023년 6월, Tesla의 북미 충전 시스템(NACS) 채택 발표 및 EV 경로 계획 앱 개발사 Iternio 인수
- 2023년 10월, Amazon과의 독점 공급 계약 종료로 다른 상업 고객에 공급 가능
- 2024년 2월, 급여 직원 10% 감축 발표

5. **재무 성과 (2023년 기준)**
- 생산량: 57,232대
- 수익: 44억 3천만 미국 달러
- 순손실: 54억 미국 달러 (적자)
- 총 자산: 168억 미국 달러
- 총 자본: 91억 4천만 미국 달러
- 직원 수 (2023년 12월 기준): 16,790명

요약하면, 리비안은 2009년에 설립되어 전기 픽업트럭과 SUV를 중심으로 전기차 시장에 진출한 미국의 전기차 제조업체로, 2023년에도 활발한 제품 개발과 사업 확장을 진행했으나 여전히 큰 폭의 순손실을 기록하고 있습니다.","제공된 정보를 바탕으로 리비안(Rivian, NASDAQ: RIVN)에 대해 정리한 내용은 다음과 같습니다.

**1. 설립 및 리더십**
*   **설립:** 2009년 6월, 플로리다 주 록리지(Rockledge)에서 설립되었습니다.
*   **설립자 및 CEO:** R. J. 스캐린지가 설립하였으며, 현재 CEO를 맡고 있습니다.
*   **본사:** 미국 캘리포니아 주 어바인에 위치해 있습니다.

**2. 제품 및 서비스**
*   **제품:** 전기 자동차와 배터리를 생산합니다. 2021년 9월 R1T 배송을 시작하며 소비자 시장에 완전 전기 픽업을 출시한 최초의 자동차 제조업체가 되었습니다. 2024년 3월에는 R2 SUV와 R3 모델을 공개했습니다.
*   **서비스:** 전기 자동차 충전 및 자동차 보험 서비스를 제공합니다.

**3. 2023년 재무 성과**
*   **수익:** 44억 3천만 미국 달러
*   **순이익:** -54억 미국 달러
*   **총 자산:** 168억 미국 달러
*   **총 자본:** 91억 4천만 미국 달러
*   **생산량:** 57,232대
*   **직원 수:** 2023년 12월 기준 16,790명

**4. 주요 기업 활동 및 연혁**
*   **상장:** 2021년 11월 IPO를 통해 135억 달러를 조달하며 상장사가 되었습니다.
*   **주요 전략:** 2023년 6월 테슬라의 북미 충전 시스템(NACS) 채택을 발표했고, 같은 달 경로 계획 앱인 'Iternio'를 인수했습니다. 2023년 10월에는 아마존과의 독점 계약을 종료하여 다른 상업 고객에게도 공급할 수 있게 되었습니다.
*   **기타:** 포드와의 공동 개발 계획 취소, 메르세데스-벤츠와의 합작 투자 취소, 2022년 리콜 사태, 2022년 및 2024년의 인력 감축 등이 있었습니다."
What are the key features of Rivian's electric pickup trucks and how do they compare to Tesla's Cybertruck?,"Rivian produces electric pickup trucks based on its ""skateboard"" platform, including the R1T model, with deliveries starting at the end of 2021. The company also operates a charging network in the United States that opened to other vehicles in 2024. Tesla's Cybertruck, first announced in November 2019, is a full-size pickup truck available in three configurations: rear-wheel drive, dual-motor all-wheel drive, and tri-motor all-wheel drive. While Rivian focuses on electric SUVs, pickup trucks, and delivery vans with production facilities in Illinois and other locations, Tesla offers the Cybertruck with multiple drivetrain options, highlighting different approaches to electric pickup trucks.","['[출처] 이 문서는 리비안(Rivian)에 대한 문서입니다.\n----------------------------------\n**Volkswagen과의 파트너십 (2024)**\n\n- 2024년 6월, Volkswagen Group은 전기 아키텍처 및 소프트웨어 기술 개발을 목표로 Rivian에 최대 50억 달러를 투자할 의향을 발표.\n\n**차량**\n\n- **R1T:** 4개의 전기 모터가 장착된 픽업 트럭. 배터리 크기는 105 kWh에서 180 kWh까지 다양함.\n- **R1S:** 첫 번째 Rivian 플랫폼의 스포츠 유틸리티 차량(SUV) 버전.\n- **Electric Delivery Van (EDV):** 상업용 전기 밴으로, 주로 Amazon용으로 설계되어 사용됨.\n- **R2:** 더 작고 저렴한 SUV로, 새로운 플랫폼에서 2026년 초에 출시될 예정.\n- **R3:** 출시 예정인 전기 소형 SUV.', '[출처] 이 문서는 리비안(Rivian)에 대한 문서입니다.\n----------------------------------\n- 2022년 10월, 느슨한 토크 볼트로 인해 13,000대의 차량을 자발적으로 리콜.\n- 2023년 6월, Tesla의 북미 충전 시스템(NACS) 채택을 발표.\n- 2023년 6월, ""A Better Route Planner""(ABRP) EV 경로 계획 앱을 개발한 Iternio 인수.\n- 2023년 10월, Amazon과의 독점 계약을 종료하여 Rivian이 다른 상업 고객에게 공급할 수 있도록 허용.\n- 2024년 2월, 급여 직원 10% 감축 발표.\n- 2024년 3월, 더 작은 가격대의 R2 SUV 및 R3 공개.', '[출처] 이 문서는 테슬라(Tesla)에 대한 문서입니다.\n----------------------------------\n- **Cybertruck:** 2019년 11월에 처음 발표된 풀사이즈 픽업 트럭. 후륜 구동, 듀얼 모터 전륜 구동, 트리 모터 전륜 구동의 세 가지 모델이 제공됩니다.', '[출처] 이 문서는 테슬라(Tesla)에 대한 문서입니다.\n----------------------------------\n2021년 초, Tesla는 Bitcoin에 15억 달러를 투자하고 환경 문제로 인해 중단하기 전에 잠시 결제 수단으로 허용했습니다. 2022년 7월까지 Tesla는 Bitcoin 보유량의 약 75%를 매각했습니다. 2023년 5월과 2024년 2월 사이에 북미 EV 제조업체는 Tesla의 북미 충전 표준으로 전환할 계획을 발표했습니다.\n\n2023년 11월, Tesla는 Cybertruck 배송을 시작했습니다. 2024년 4월, 회사는 직원 10% 감축을 발표하고 6월에 법인 설립지를 델라웨어에서 텍사스로 이전했습니다. 2024년 10월, Tesla는 미래의 차량 호출 서비스인 Tesla Network를 위해 Cybercab 및 Robovan의 컨셉 버전을 공개했습니다.']","Rivian의 전기 픽업 트럭인 **R1T**의 주요 특징은 다음과 같습니다.

- 4개의 전기 모터가 장착되어 있어 강력한 구동력을 제공함.
- 배터리 용량은 105 kWh에서 180 kWh까지 다양하게 선택 가능함.
- 픽업 트럭 형태로 설계되어 실용성과 오프로드 성능을 겸비함.

반면, Tesla의 **Cybertruck**은 다음과 같은 특징을 가지고 있습니다.

- 2019년 11월에 발표된 풀사이즈 픽업 트럭임.
- 후륜 구동, 듀얼 모터 전륜 구동, 트리 모터 전륜 구동의 세 가지 모델로 제공되어 다양한 성능 옵션을 선택할 수 있음.

비교하면, Rivian R1T는 4개의 전기 모터를 통해 개별 바퀴 구동이 가능하여 정밀한 토크 분배와 뛰어난 오프로드 성능을 기대할 수 있는 반면, Tesla Cybertruck은 다양한 구동 방식(후륜, 듀얼, 트리 모터)을 통해 성능 선택의 폭을 넓힌 점이 특징입니다. 또한, Rivian은 배터리 용량 선택 폭이 명확히 제시되어 있으며, Tesla의 배터리 용량 정보는 주어진 Context에 포함되어 있지 않습니다.

따라서 Rivian R1T는 다중 모터 구성과 배터리 용량 다양성에서 강점을 가지며, Tesla Cybertruck은 다양한 구동 모델과 함께 대형 픽업 트럭 시장을 겨냥한 점에서 차별화됩니다.","제공된 문서에 기반하여 리비안(Rivian)의 전기 픽업 트럭인 R1T와 테슬라(Tesla)의 사이버트럭(Cybertruck)에 대한 정보는 다음과 같습니다.

**리비안 R1T의 주요 특징:**
*   4개의 전기 모터가 장착되어 있습니다.
*   배터리 크기는 105 kWh에서 180 kWh까지 다양합니다.

**테슬라 사이버트럭의 주요 특징:**
*   2019년 11월에 처음 발표된 풀사이즈 픽업 트럭입니다.
*   후륜 구동, 듀얼 모터 전륜 구동, 트리 모터 전륜 구동의 세 가지 모델로 제공됩니다.

**비교:**
제공된 문서에는 두 차량의 구체적인 성능 수치(주행 거리, 견인력, 가속력 등)나 직접적인 비교 분석 데이터가 포함되어 있지 않습니다. 따라서 두 차량의 상세한 비교는 주어진 Context만으로는 확인하기 어렵습니다."
"Hw did Tesla chang its vehcle service policy in 2019, especilly regarding annual maintnance and periodic servicing?","In 2019, Tesla changed its vehicle service policy by removing the annual maintenance requirement. Instead of mandatory yearly maintenance, Tesla recommended periodic servicing of brake fluid, air conditioning, tires, and air filters. This shift aligned with Tesla's goal of not profiting from vehicle service and emphasized remote diagnostics and repairs, including dispatching mobile technicians or directing customers to service centers when necessary.","['[출처] 이 문서는 테슬라(Tesla)에 대한 문서입니다.\n----------------------------------\n### 차량 서비스\n\nTesla는 원격 진단 및 수리를 우선시하여 모바일 기술자를 파견하거나 필요한 경우 고객을 서비스 센터로 안내합니다. 이 회사는 전 세계에 소매점, 갤러리, 서비스, 배송 및 차체 수리점을 운영하고 있습니다. Tesla는 차량 서비스에서 이익을 얻지 않는 것을 목표로 합니다. 2019년 초에 연간 유지 보수 요구 사항이 제거되었고 대신 브레이크액, 에어컨, 타이어 및 에어 필터를 주기적으로 서비스할 것을 권장합니다.\n\n### 충전 서비스', '[출처] 이 문서는 테슬라(Tesla)에 대한 문서입니다.\n----------------------------------\n### 충전 서비스\n\n- **Supercharger 네트워크:** Tesla의 고전압 DC 급속 충전 네트워크로, 2012년에 도입되었습니다.\n- **Destination 충전 위치 네트워크:** 호텔, 레스토랑 및 쇼핑 센터에 있는 더 느린 충전기.\n\n### 보험 서비스\n\nTesla는 Tesla Insurance Services, Inc.를 통해 미국에서 차량 보험을 제공하고 차량 데이터를 사용하여 개인 맞춤 가격을 제공합니다.\n\n## 에너지 제품', '[출처] 이 문서는 테슬라(Tesla)에 대한 문서입니다.\n----------------------------------\n- **Tesla Roadster:** 2008년부터 2012년까지 생산된 2인승 스포츠카.\n\n### 연결 서비스\n\nTesla 자동차에는 내비게이션을 위한 ""표준 연결""이 함께 제공됩니다. ""프리미엄 연결""은 구독료로 실시간 교통 정보, 위성 지도, 인터넷 검색 및 미디어 스트리밍을 추가합니다.\n\n### 차량 서비스', '[출처] 이 문서는 테슬라(Tesla)에 대한 문서입니다.\n----------------------------------\n2021년 초, Tesla는 Bitcoin에 15억 달러를 투자하고 환경 문제로 인해 중단하기 전에 잠시 결제 수단으로 허용했습니다. 2022년 7월까지 Tesla는 Bitcoin 보유량의 약 75%를 매각했습니다. 2023년 5월과 2024년 2월 사이에 북미 EV 제조업체는 Tesla의 북미 충전 표준으로 전환할 계획을 발표했습니다.\n\n2023년 11월, Tesla는 Cybertruck 배송을 시작했습니다. 2024년 4월, 회사는 직원 10% 감축을 발표하고 6월에 법인 설립지를 델라웨어에서 텍사스로 이전했습니다. 2024년 10월, Tesla는 미래의 차량 호출 서비스인 Tesla Network를 위해 Cybercab 및 Robovan의 컨셉 버전을 공개했습니다.']","2019년 초에 Tesla는 연간 유지 보수 요구 사항을 제거하였습니다. 대신 브레이크액, 에어컨, 타이어 및 에어 필터를 주기적으로 서비스할 것을 권장하는 정책으로 변경하였습니다.","2019년 초, 테슬라는 연간 유지 보수 요구 사항을 제거했습니다. 대신 브레이크액, 에어컨, 타이어 및 에어 필터에 대해 주기적으로 서비스를 받을 것을 권장하는 방식으로 정책을 변경했습니다."
How did Rivian's announcement in April 2023 regarding the Rivian Adventure Network and the adoption of the North American Charging Standard (NACS) reflect its strategic approach to expanding its EV charging infrastructure across the United States and Canada?,"In April 2023, Rivian announced that its Rivian Adventure Network, a public charging station network developed across the United States and Canada, would be opened to vehicles other than Rivian's own. This strategic move aimed to expand the accessibility and utilization of its charging infrastructure. Additionally, Rivian planned to adopt the North American Charging Standard (NACS) for its vehicles starting with the 2025 model year in North America, further aligning its charging technology with broader industry standards. Together, these initiatives demonstrate Rivian's commitment to enhancing its EV charging network's reach and compatibility, supporting its growth and integration within the wider electric vehicle market.","['[출처] 이 문서는 리비안(Rivian)에 대한 문서입니다.\n----------------------------------\n**EV 충전**\n\nRivian은 미국과 캐나다 전역에 공공 충전소 네트워크를 개발하고 있습니다. Rivian은 2021년에 Waypoint 충전기 설치를 시작했지만 2023년 4월에 Rivian Adventure Network가 Rivian 이외의 차량에도 개방될 것이라고 발표되었습니다. Rivian은 또한 2025년 모델 연도부터 북미에서 차량에 북미 충전 시스템(NACS)을 채택할 예정입니다.\n\n**시설**', '[출처] 이 문서는 리비안(Rivian)에 대한 문서입니다.\n----------------------------------\n- 2022년 10월, 느슨한 토크 볼트로 인해 13,000대의 차량을 자발적으로 리콜.\n- 2023년 6월, Tesla의 북미 충전 시스템(NACS) 채택을 발표.\n- 2023년 6월, ""A Better Route Planner""(ABRP) EV 경로 계획 앱을 개발한 Iternio 인수.\n- 2023년 10월, Amazon과의 독점 계약을 종료하여 Rivian이 다른 상업 고객에게 공급할 수 있도록 허용.\n- 2024년 2월, 급여 직원 10% 감축 발표.\n- 2024년 3월, 더 작은 가격대의 R2 SUV 및 R3 공개.', '[출처] 이 문서는 리비안(Rivian)에 대한 문서입니다.\n----------------------------------\n**Volkswagen과의 파트너십 (2024)**\n\n- 2024년 6월, Volkswagen Group은 전기 아키텍처 및 소프트웨어 기술 개발을 목표로 Rivian에 최대 50억 달러를 투자할 의향을 발표.\n\n**차량**\n\n- **R1T:** 4개의 전기 모터가 장착된 픽업 트럭. 배터리 크기는 105 kWh에서 180 kWh까지 다양함.\n- **R1S:** 첫 번째 Rivian 플랫폼의 스포츠 유틸리티 차량(SUV) 버전.\n- **Electric Delivery Van (EDV):** 상업용 전기 밴으로, 주로 Amazon용으로 설계되어 사용됨.\n- **R2:** 더 작고 저렴한 SUV로, 새로운 플랫폼에서 2026년 초에 출시될 예정.\n- **R3:** 출시 예정인 전기 소형 SUV.', '[출처] 이 문서는 리비안(Rivian)에 대한 문서입니다.\n----------------------------------\n- **회사 유형:** 상장\n- **거래소:** NASDAQ: RIVN\n- **설립:** 2009년 6월, 플로리다 주 록ledge\n- **설립자:** R. J. 스캐린지\n- **본사:** 미국 캘리포니아 주 어바인\n- **서비스 지역:** 북미\n- **주요 인물:** R. J. 스캐린지 (CEO)\n- **제품:** 전기 자동차, 배터리\n- **생산량 (2023):** 57,232대\n- **서비스:** 전기 자동차 충전, 자동차 보험\n- **수익 (2023):** 44억 3천만 미국 달러\n- **순이익 (2023):** -54억 미국 달러\n- **총 자산 (2023):** 168억 미국 달러']","리비안은 2023년 4월에 Rivian Adventure Network를 리비안 차량뿐만 아니라 다른 제조사의 전기차에도 개방하겠다고 발표하였고, 2023년 6월에는 2025년 모델 연도부터 북미 충전 시스템(NACS)을 채택할 계획을 발표했습니다. 

이 두 발표는 리비안이 미국과 캐나다 전역에서 EV 충전 인프라를 확장하는 데 있어 전략적으로 개방성과 호환성을 강화하려는 의지를 반영합니다. Rivian Adventure Network를 타사 차량에도 개방함으로써 충전소 이용자를 확대하고, NACS 채택을 통해 Tesla를 포함한 다양한 충전 표준과의 호환성을 높여 충전 편의성을 극대화하려는 전략으로 볼 수 있습니다. 이는 리비안이 북미 시장에서 충전 인프라 경쟁력을 강화하고, 전기차 생태계 내에서 영향력을 확대하려는 포석이라고 할 수 있습니다.","제공된 문서에 따르면, 2023년 4월 리비안(Rivian)의 발표는 자사의 충전 인프라 전략에 있어 다음과 같은 변화를 반영하고 있습니다.

*   **개방형 네트워크로의 전환:** 리비안은 2021년부터 'Waypoint' 충전기 설치를 시작했으나, 2023년 4월 발표를 통해 기존의 폐쇄적인 운영 방식에서 벗어나 'Rivian Adventure Network'를 리비안 차량 이외의 타사 전기차에도 개방하겠다고 밝혔습니다. 이는 미국과 캐나다 전역에 걸쳐 구축 중인 공공 충전소 네트워크의 접근성을 확대하려는 전략적 변화를 의미합니다.
*   **표준화 채택:** 리비안은 2025년 모델 연도부터 북미 충전 시스템(NACS)을 채택하기로 결정했습니다. 이는 북미 시장의 충전 표준을 수용함으로써 자사 차량 사용자의 충전 편의성을 높이고, 충전 인프라 생태계 내에서의 호환성을 확보하려는 전략적 접근으로 해석됩니다.

요약하자면, 리비안은 자사 네트워크의 개방과 북미 표준(NACS) 도입을 통해 충전 인프라의 범용성을 높이고, 북미 전역에서의 충전 네트워크 영향력을 확대하고자 하는 전략을 취하고 있습니다."
